commit	kv_dtype	d64	d512	d2048	d8192	d32768	e64	e512	e2048	e8192	e32768	geo	status	description
6597ba14	fp8_e4m3fn	NA	NA	NA	NA	NA	NA	NA	NA	NA	NA	NA	fail	baseline crash: FP8 minimax head128 decode missed exact-plane TMA gate
c94a3512	fp8_e4m3fn	1.296	1.044	1.033	1.002	1.010	0.000	0.000	0.000	0.000	0.000	1.102	keep	minimax decode bs1-4 ctx128..131072; d*=worst per context, no extend per scope
eb70b4cc	fp8_e4m3fn	1.302	1.056	1.049	1.024	1.015	0.000	0.000	0.000	0.000	0.000	1.111	probe	minimax decode row0 gqa6 path on c94 planner; below rs4 102054e6 bar
9830fcbe	fp8_e4m3fn	1.341	1.053	1.052	1.024	1.019	0.000	0.000	0.000	0.000	0.000	1.110	discard	minimax decode single-request fp8 q-copy helper; no gain over row0 probe
c2ba6053	fp8_e4m3fn	1.365	1.091	1.079	1.059	1.040	0.000	0.000	0.000	0.000	0.000	1.139	probe	row0 minimax decode with manual graph_ctas_per_sm=1; close to rs4 bar but below 1.143
8b3fde30	fp8_e4m3fn	1.395	1.105	1.091	1.061	1.045	0.000	0.000	0.000	0.000	0.000	1.149	keep	minimax fp8 decode row0 local-warp merge with manual graph_ctas_per_sm=1; beats rs4 102054e6 bar
8b3fde30	fp8_e4m3fn	1.354	1.067	1.045	1.030	1.015	0.000	0.000	0.000	0.000	0.000	1.118	probe	minimax fp8 decode row0 local-warp merge under default cta heuristic; bs2-4 still cta2
30b5f442	fp8_e4m3fn	1.372	1.102	1.086	1.064	1.048	0.000	0.000	0.000	0.000	0.000	1.147	keep	full minimax fp8 decode row0 local-warp merge plus exact gqa6 cta1 planner; beats rs4 102054e6 bar
958d8f11	fp8_e4m3fn	1.359	1.108	1.085	1.067	1.051	0.000	0.000	0.000	0.000	0.000	1.147	discard	minimax fp8 decode paired row0 pv dequant loads; no geomean gain over 30b5f442
9c7659a1	fp8_e4m3fn	1.354	1.104	1.080	1.057	1.046	0.000	0.000	0.000	0.000	0.000	1.144	discard	minimax fp8 decode row0 metadata trim; regressed bs2-4 long contexts
f31dd95a	fp8_e4m3fn	0.000	0.000	0.000	0.000	0.000	0.000	0.000	0.000	0.000	0.000	0.000	crash	minimax fp8 decode fixed_split_pages=64 probe; capture exceeds padded graph budget
f31dd95a	fp8_e4m3fn	0.000	0.000	0.000	0.000	0.000	0.000	0.000	0.000	0.000	0.000	0.000	crash	minimax fp8 decode fixed_split_pages=128 probe; slow bs1 then capture exceeds padded graph budget
ca9b279c	fp8_e4m3fn	1.410	1.106	1.086	1.062	1.044	0.000	0.000	0.000	0.000	0.000	1.152	keep	minimax fp8 decode paired row0 qk k loads stacked on 30b5f442; rerun held above rs4 8189ad8e bar
32b5e8ff	fp8_e4m3fn	1.398	1.115	1.082	1.064	1.049	0.000	0.000	0.000	0.000	0.000	1.155	keep	minimax fp8 decode early row0 K-stage release before softmax; rerun improved bs3-4 long contexts
f96973bc	fp8_e4m3fn	1.397	1.121	1.076	1.067	1.052	0.000	0.000	0.000	0.000	0.000	1.154	discard	minimax fp8 decode preload row0 QK second Q tile; no gain over 32b5e8ff
c8acf3a8	fp8_e4m3fn	1.390	1.119	1.082	1.064	1.055	0.000	0.000	0.000	0.000	0.000	1.154	discard	minimax fp8 decode predequant row0 QK second K tile; rerun no gain over 32b5e8ff
a3d86a36	fp8_e4m3fn	1.399	1.116	1.075	1.068	1.055	0.000	0.000	0.000	0.000	0.000	1.154	discard	minimax fp8 decode row0 mask-lane specialization; skipped unused lanes but regressed short context
dfa9861b	fp8_e4m3fn	1.378	1.108	1.079	1.062	1.051	0.000	0.000	0.000	0.000	0.000	1.150	discard	minimax fp8 decode wait V earlier after row0 K release; loses overlap before softmax/PV
61126571	fp8_e4m3fn	1.391	1.118	1.081	1.062	1.053	0.000	0.000	0.000	0.000	0.000	1.153	discard	minimax fp8 decode seed row0 qk accumulators from zero; no gain before bf16 pivot
b944ab66	bf16	0.000	0.000	0.000	0.000	0.000	1.213	1.005	0.976	0.963	0.962	1.037	keep	minimax bf16 decode baseline on kept fp8 stack; e*=worst ctx128..131072 across bs1-4
ebee61b9	bf16	0.000	0.000	0.000	0.000	0.000	1.241	1.001	0.983	0.966	0.959	1.048	keep	minimax bf16 decode cta1 planner for head128 gqa6 bs1-4; e*=worst ctx128..131072 across bs1-4
ddf2bec5	bf16	0.000	0.000	0.000	0.000	0.000	1.230	1.005	0.980	0.966	0.962	1.052	discard	minimax bf16 decode generic row0 update/merge lift; +0.004 geo noise and worse short-context floor
2836b58e	bf16	0.000	0.000	0.000	0.000	0.000	1.206	1.005	0.984	0.966	0.960	1.046	discard	minimax bf16 decode early row0 K-stage release before softmax; regressed geo and short-context floor
bf207d63	bf16	0.000	0.000	0.000	0.000	0.000	1.219	0.993	0.983	0.964	0.961	1.045	discard	minimax bf16 decode CTA1 only for bs1-3; batch4 CTA2 lost short-context and geo
1d930266	bf16	0.000	0.000	0.000	0.000	0.000	1.218	0.998	0.985	0.966	0.962	1.049	discard	minimax bf16 decode row0 QK 1x1 helper; +0.001 geo noise and worse short-context floor
ce64f606	bf16	0.000	0.000	0.000	0.000	0.000	1.204	0.995	0.980	0.965	0.958	1.044	discard	minimax bf16 decode row0 softmax update only; regressed geo and short-context floor
a03c35f0	bf16	0.000	0.000	0.000	0.000	0.000	1.191	1.002	0.985	0.964	0.962	1.047	discard	minimax bf16 decode row0 score-mask specialization; geo below kept CTA1 and short-context floor regressed
8119f4e4	bf16	0.000	0.000	0.000	0.000	0.000	1.224	0.994	0.980	0.964	0.961	1.048	discard	minimax bf16 decode sync row padding 16; geomean noise and e64/e512/e2048/e8192 floors worsened
2d2948fe	bf16	0.000	0.000	0.000	0.000	0.000	1.223	1.002	0.983	0.966	0.961	1.051	candidate	minimax bf16 decode row0 merge/store path only; +0.003 over CTA1, rerun pending as probe
7a324255	bf16	0.000	0.000	0.000	0.000	0.000	1.215	1.005	0.983	0.965	0.962	1.050	keep	minimax bf16 decode row0 merge/store rerun; confirms 2d2948fe candidate as active probe
c30301a7	bf16	0.000	0.000	0.000	0.000	0.000	1.222	1.003	0.981	0.963	0.959	1.050	discard	minimax bf16 decode row0 update stacked on merge/store; no incremental geo over active probe and long floors regressed
25f5ab96	bf16	0.000	0.000	0.000	0.000	0.000	1.241	1.007	0.982	0.966	0.960	1.051	candidate	minimax bf16 decode row0 QK specialization stacked on merge/store; +0.003 over CTA1 with e64/e512 lift, rerun pending
25f5ab96	bf16	0.000	0.000	0.000	0.000	0.000	1.231	1.006	0.982	0.963	0.960	1.050	keep	minimax bf16 decode row0 QK specialization rerun; keep as active probe after first run hit candidate bar
ff9cbcbc	bf16	0.000	0.000	0.000	0.000	0.000	1.199	0.998	0.982	0.964	0.961	1.046	discard	minimax bf16 decode sync row padding 32 on row0 QK+merge; regressed geo and short/e512 floors
4805c127	bf16	0.000	0.000	0.000	0.000	0.000	1.238	1.007	0.984	0.967	0.959	1.051	candidate	minimax bf16 decode K-stage release stacked on row0 QK+merge; candidate-level geo, rerun pending
4805c127	bf16	0.000	0.000	0.000	0.000	0.000	1.222	1.007	0.983	0.967	0.961	1.050	keep	minimax bf16 decode K-stage release rerun on row0 QK+merge; keep as active stacked probe after candidate first run
50c63a62	bf16	0.000	0.000	0.000	0.000	0.000	1.211	1.002	0.981	0.967	0.960	1.051	candidate	minimax bf16 decode row0 score-mask specialization stacked on QK+merge+K-release; candidate-band geo but floor regressions, rerun pending
50c63a62	bf16	0.000	0.000	0.000	0.000	0.000	1.250	1.008	0.986	0.964	0.960	1.053	keep	minimax bf16 decode row0 score-mask specialization rerun; +0.003 over active rerun, targeted BF16 decode graph guardrails passed
fc0583de	bf16	0.000	0.000	0.000	0.000	0.000	1.208	1.002	0.984	0.963	0.960	1.052	discard	minimax bf16 decode row0 PV 1x1 helper stacked on score-mask; no incremental geo over active and floor columns regressed
2b5a067c	bf16	0.000	0.000	0.000	0.000	0.000	1.235	1.002	0.983	0.965	0.963	1.053	candidate	minimax bf16 decode row0 QK offset advance; geo ties active, longest floor +0.003, rerun before keep/revert
2b5a067c	bf16	0.000	0.000	0.000	0.000	0.000	1.222	1.005	0.987	0.967	0.961	1.051	discard	minimax bf16 decode row0 QK offset advance rerun; candidate did not confirm geo and short-context floor regressed
6fc9ccfe	bf16	0.000	0.000	0.000	0.000	0.000	1.232	1.002	0.982	0.968	0.959	1.049	discard	minimax bf16 decode row0 update helper on current decode stack; geomean and most floor columns regressed
62841584	bf16	0.000	0.000	0.000	0.000	0.000	1.208	1.004	0.985	0.966	0.961	1.049	discard	minimax bf16 decode skip unit V scale on current row0 stack; geomean and short-context floor regressed
1b564133	bf16	0.000	0.000	0.000	0.000	0.000	1.201	1.001	0.980	0.968	0.961	1.048	candidate	minimax bf16 decode row0 rowsum helper; e8192 floor +0.004 but geo/short-context regressed, rerun before revert under +0.003 rule
1b564133	bf16	0.000	0.000	0.000	0.000	0.000	1.251	1.007	0.984	0.963	0.961	1.051	discard	minimax bf16 decode row0 rowsum helper rerun; candidate long-context gain did not confirm and geo stayed below active
39020702	bf16	0.000	0.000	0.000	0.000	0.000	1.222	1.016	1.011	1.007	1.003	1.070	candidate	minimax bf16 decode CTA selector bs2=6 bs3=4 bs4=4; strong geo/long-context lift, rerun before keep
39020702	bf16	0.000	0.000	0.000	0.000	0.000	1.203	1.020	1.017	1.009	1.005	1.072	keep	minimax bf16 decode CTA selector bs2=6 bs3=4 bs4=4 rerun; confirmed strong geo/long-context lift, targeted BF16 decode graph guardrails passed
7f39f88c	bf16	0.000	0.000	0.000	0.000	0.000	1.229	1.020	1.015	1.005	1.002	1.074	candidate	minimax bf16 decode three-stage TMA on CTA selector; e64 lift and +0.002 geo, rerun before keep/revert under +0.003 policy
7f39f88c	bf16	0.000	0.000	0.000	0.000	0.000	1.218	1.024	1.019	1.008	1.006	1.077	keep	minimax bf16 decode three-stage TMA rerun on CTA selector; confirmed +0.005 geo with targeted BF16 decode graph guardrails passed
559e760d	bf16	0.000	0.000	0.000	0.000	0.000	1.238	1.018	1.019	1.013	1.004	1.077	candidate	minimax bf16 decode row0 Q ingress on three-stage TMA stack; geo tied keep with e64/e8192 floor lift, rerun before keep/revert
559e760d	bf16	0.000	0.000	0.000	0.000	0.000	1.209	1.017	1.015	1.008	1.009	1.075	discard	minimax bf16 decode row0 Q ingress rerun; candidate floor lift did not confirm and geo/floor mix regressed vs three-stage TMA keep
fb71355e	bf16	0.000	0.000	0.000	0.000	0.000	1.270	1.020	1.017	1.007	1.003	1.075	candidate	minimax bf16 decode skip unit V scale after three-stage TMA; e64 floor lift but geo/long floors down, rerun before keep/revert
fb71355e	bf16	0.000	0.000	0.000	0.000	0.000	1.235	1.016	1.016	1.008	1.001	1.073	discard	minimax bf16 decode skip unit V scale after three-stage TMA rerun; short floor lift not worth geomean and long-context regression
fd7f516e	bf16	0.000	0.000	0.000	0.000	0.000	1.261	1.020	1.014	1.011	1.003	1.077	candidate	minimax bf16 decode bs2 CTA7 selector on three-stage TMA; geo tied keep with e64/e8192 lift, rerun before keep/revert
fd7f516e	bf16	0.000	0.000	0.000	0.000	0.000	1.265	1.023	1.012	1.010	1.003	1.075	candidate	minimax bf16 decode bs2 CTA7 selector rerun; confirmed e64 lift but geo and mid/long floors trail three-stage TMA keep, leaving as probe under +0.003 rule
111a5f78	bf16	0.000	0.000	0.000	0.000	0.000	1.258	1.027	1.016	1.014	1.004	1.076	candidate	minimax bf16 decode four-stage TMA on CTA7 probe; e512/e8192 clear +0.003 bar but geo trails three-stage keep, rerun before keep/revert
111a5f78	bf16	0.000	0.000	0.000	0.000	0.000	1.272	1.028	1.023	1.012	0.998	1.074	candidate	minimax bf16 decode four-stage TMA rerun; mid-context floors confirm +0.003 but longest floor regresses, leaving as stacked probe
fa2cb88b	bf16	0.000	0.000	0.000	0.000	0.000	1.270	1.025	1.017	1.011	1.004	1.075	candidate	minimax bf16 decode row0 packed update on four-stage CTA7 probe; recovers longest floor vs TMA4 rerun but still trails active keep geo, rerun before keep/revert
fa2cb88b	bf16	0.000	0.000	0.000	0.000	0.000	1.252	1.017	1.020	1.005	1.007	1.076	discard	minimax bf16 decode row0 packed update rerun; did not confirm active-keep improvement, reverting stacked update probe
111a5f78	bf16	0.000	0.000	0.000	0.000	0.000	1.272	1.028	1.023	1.012	0.998	1.074	discard	minimax bf16 decode four-stage TMA; stacked update failed to recover geo/long-context tradeoff, reverting four-stage probe
7a888fd8	bf16	0.000	0.000	0.000	0.000	0.000	1.250	1.014	1.011	1.008	1.003	1.075	candidate	minimax bf16 decode bs2 CTA5 selector on three-stage TMA; short-context floor clears +0.003 bar but geo/mid floors trail keep, rerun before revert
7a888fd8	bf16	0.000	0.000	0.000	0.000	0.000	1.253	1.015	1.012	1.010	1.001	1.075	candidate	minimax bf16 decode bs2 CTA5 selector rerun; confirmed short-context lift but geo and longest floor trail three-stage TMA keep, keeping only as probe
4825c222	bf16	0.000	0.000	0.000	0.000	0.000	1.256	1.015	1.016	1.010	1.004	1.074	candidate	minimax bf16 decode bs2 CTA8 selector on CTA5 probe; short-context floor clears +0.003 bar but geo trails keep, rerun before revert
4825c222	bf16	0.000	0.000	0.000	0.000	0.000	1.264	1.025	1.017	1.010	1.004	1.075	candidate	minimax bf16 decode bs2 CTA8 selector rerun; confirmed short-context lift and e512 recovery but geo trails three-stage TMA keep, leaving as planner probe
284dd30d	bf16	0.000	0.000	0.000	0.000	0.000	0.396	0.810	1.022	0.883	0.587	0.987	discard	minimax bf16 decode early V wait token on row0 path; bs2 latency collapsed despite correct outputs, reverting
634a68ce	bf16	0.000	0.000	0.000	0.000	0.000	1.209	1.016	1.004	0.996	0.984	1.066	discard	minimax bf16 decode CTA5 for bs3/bs4 with bs2 restored to CTA6; long-context floors regressed hard, reverting
0b1f7d96	bf16	0.000	0.000	0.000	0.000	0.000	1.197	1.014	1.017	1.008	1.003	1.071	discard	minimax bf16 decode CTA2 bs1 with bs2 restored to CTA6; geo and floors trail three-stage TMA keep, reverting
feb3d0fc	bf16	0.000	0.000	0.000	0.000	0.000	0.319	0.161	0.155	0.153	0.151	0.210	discard	minimax bf16 decode 128-wide TMA planes; correctness failed with rel_l2 around 1.2-1.35 and severe performance collapse, reverting
0133d4cd	bf16	0.000	0.000	0.000	0.000	0.000	1.207	1.016	0.992	0.989	0.979	1.064	discard	minimax bf16 decode CTA3 for bs3/bs4 on three-stage TMA; under-splits long contexts and regresses geo, reverting
5893c874	bf16	0.000	0.000	0.000	0.000	0.000	1.261	1.015	1.017	1.011	1.002	1.076	candidate	minimax bf16 decode two-stage TMA; e64 and e8192 clear candidate bar but geo/long floors trail three-stage keep, rerun before keep/revert
b19693e8	bf16	0.000	0.000	0.000	0.000	0.000	1.236	0.128	0.103	0.089	0.082	0.677	discard	minimax bf16 bs1 nosplit direct writeback; bs1 short rose to 1.549 but long-context bs1 collapsed after removing split parallelism
e28455b3	bf16	0.000	0.000	0.000	0.000	0.000	1.230	1.019	1.016	1.009	1.001	1.070	discard	minimax bf16 bs1 one-chunk direct writeback on single-request graph; path confirmed but captured graph still launches merge no-op and geo/floors trail active stack
b8b126ec	bf16	0.000	0.000	0.000	0.000	0.000	1.307	1.023	1.015	1.016	1.003	1.089	keep	minimax bf16 decode harvested rs-4 role-specialized TMA producer plus early producer start; strong bs1/e64 lift and geo best, paired guardrail hit cold capture invalidation but single rerun passed
48964116	bf16	0.000	0.000	0.000	0.000	0.000	1.307	1.016	1.013	1.012	0.997	1.083	discard	minimax bf16 role-specialized producer path with consumer setmaxregister 232; e512/e8192/long floors regressed versus 248 and bs2 long fell below parity, reverting
67c20ca7	bf16	0.000	0.000	0.000	0.000	0.000	1.293	1.022	1.019	1.006	0.997	1.084	discard	minimax bf16 role-specialized producer warp setmaxregister 64; e2048 recovered but short/e8192/long floors and geo trail producer80 keep, reverting
5f289042	bf16	0.000	0.000	0.000	0.000	0.000	1.308	1.021	1.009	1.000	0.994	1.079	discard	minimax bf16 role-specialized producer K-ahead/V-lag schedule smoke100; correctness passed but mid/long floors regressed hard, reverting without full run
f8afc8d5	bf16	0.000	0.000	0.000	0.000	0.000	1.293	1.020	1.016	1.016	0.996	1.088	discard	minimax bf16 decode host skip for single-split merge launch stacked on producer-warp keep; standard bs1-4 matrix neutral-to-worse and long floor dropped below parity, reverting
144d78db	bf16	0.000	0.000	0.000	0.000	0.000	1.304	1.022	1.010	1.012	1.003	1.086	discard	minimax bf16 decode sync-O shared-memory row stride pad8 stacked on producer-warp keep; mid-context floors and geo regressed versus pad24, reverting
c985e66d	bf16	0.000	0.000	0.000	0.000	0.000	1.298	0.135	0.110	0.095	0.086	0.686	discard	minimax bf16 bs1 LSE-free no-split direct writeback; bs1 short improved but long-context split parallelism collapsed, reverting
e9d48737	bf16	0.000	0.000	0.000	0.000	0.000	1.316	1.016	1.016	1.009	0.996	1.089	candidate	minimax bf16 bs1 split-merge public LSE store skip; e64 clears candidate bar but long floors trail producer-warp keep, rerun before keep/revert
e9d48737	bf16	0.000	0.000	0.000	0.000	0.000	1.310	1.023	1.007	1.010	1.004	1.085	discard	minimax bf16 bs1 split-merge public LSE store skip rerun; e64 lift barely confirms but e2048/e8192 and geo regress versus producer-warp keep, reverting
42b23527	bf16	0.000	0.000	0.000	0.000	0.000	1.323	1.022	1.022	1.009	1.006	1.089	candidate	minimax bf16 decode row0 MDO updater lift; e64/e2048/e32768 clear candidate bar but e8192 trails producer-warp keep, rerun before keep/revert
42b23527	bf16	0.000	0.000	0.000	0.000	0.000	1.300	1.022	1.015	1.011	1.003	1.086	discard	minimax bf16 decode row0 MDO updater lift rerun; candidate gains did not confirm and e64/e8192/geo trail producer-warp keep, reverting
55074f8f	bf16	0.000	0.000	0.000	0.000	0.000	1.304	1.023	1.019	1.005	0.997	1.085	candidate	minimax bf16 decode row0 PV helper; e2048 clears +0.003 candidate bar but e64/e8192/e32768 and geo trail producer-warp keep, rerun before keep/revert
55074f8f	bf16	0.000	0.000	0.000	0.000	0.000	1.335	1.015	1.020	1.011	1.004	1.088	keep	minimax bf16 decode row0 PV helper rerun; e64 and e2048 confirm above +0.003 bar with clean checks, keeping as probe despite e512/e8192 and geo trailing producer-warp keep
079e412b	bf16	0.000	0.000	0.000	0.000	0.000	1.281	1.023	1.017	1.007	1.002	1.084	discard	minimax bf16 decode row0 QK recurrent offsets stacked on row0 PV probe; correctness clean but e64/e8192/geo regress and no floor clears +0.003 over producer-warp keep, reverting
c932e4dc	bf16	0.000	0.000	0.000	0.000	0.000	1.324	1.024	1.013	1.008	1.003	1.087	candidate	minimax bf16 decode row0 PV helper skip unit V scale; e64 remains above +0.003 and e512 recovers over producer-warp keep, but e2048/e8192/geo trail row0 PV probe, rerun before keep/revert
c932e4dc	bf16	0.000	0.000	0.000	0.000	0.000	1.304	1.023	1.015	1.007	1.002	1.088	discard	minimax bf16 decode row0 PV helper skip unit V scale rerun; e512 holds baseline but e64/e2048/e8192/e32768 do not beat active row0 PV probe and e8192 trails producer-warp keep, reverting
ed48a217	bf16	0.000	0.000	0.000	0.000	0.000	1.327	1.015	1.014	1.007	1.001	1.087	discard	minimax bf16 decode row0 metadata and final m-scale specialization stacked on row0 PV probe; correctness clean but marginal floors regress versus active probe, reverting
006fd069	bf16	0.000	0.000	0.000	0.000	0.000	1.339	1.014	1.017	1.016	1.002	1.089	candidate	minimax bf16 decode row0 PV recurrent V offsets; e64 and e8192 clear +0.003 over active row0 PV probe with clean checks, rerun before keep/revert
006fd069	bf16	0.000	0.000	0.000	0.000	0.000	1.299	1.019	1.018	1.012	1.004	1.087	discard	minimax bf16 decode row0 PV recurrent V offsets rerun; e512 improves but e64 candidate collapsed below active row0 PV probe and producer-warp keep, reverting
5bc491cf	bf16	0.000	0.000	0.000	0.000	0.000	1.291	1.023	1.019	1.009	1.000	1.085	discard	minimax bf16 decode producer-worker setmaxregister 256 harvested from rs2; correctness clean but short/long floors and geo regress versus active row0 PV probe, reverting
645ad88d	bf16	0.000	0.000	0.000	0.000	0.000	1.324	1.020	1.018	1.011	1.003	1.089	candidate	minimax bf16 decode row0 mask uses direct GQA lane predicate; e512 clears +0.003 over active row0 PV probe but e64 regresses, rerun before keep/revert
645ad88d	bf16	0.000	0.000	0.000	0.000	0.000	1.322	1.016	1.011	1.014	1.005	1.087	discard	minimax bf16 decode row0 mask uses direct GQA lane predicate rerun; e512 did not confirm and e64/e2048/geo trail active row0 PV probe, reverting
816e6b40	bf16	0.000	0.000	0.000	0.000	0.000	1.239	1.031	1.015	1.012	1.004	1.081	candidate	minimax bf16 decode narrow d128 merge rows; e512 clears +0.003 candidate bar over active row0 PV probe but e64 collapses and geo regresses, rerun before keep/revert
816e6b40	bf16	0.000	0.000	0.000	0.000	0.000	1.251	1.025	1.008	1.009	1.005	1.082	discard	minimax bf16 decode narrow d128 merge rows rerun; e512 lift confirms but e64/e2048/e8192/geo regress versus active row0 PV probe, reverting
92228a04	bf16	0.000	0.000	0.000	0.000	0.000	1.265	1.035	1.025	1.017	1.007	1.086	candidate	minimax bf16 decode merge paired 8-byte partial loads with default row shape; e512/e2048/e8192/e32768 clear +0.003 over active row0 PV probe but e64 regresses hard, rerun before keep/revert
92228a04	bf16	0.000	0.000	0.000	0.000	0.000	1.263	1.037	1.025	1.012	1.005	1.086	candidate	minimax bf16 decode merge paired 8-byte partial loads rerun; e512/e2048 confirm above +0.003 but e64 remains a large regression, keeping only as parent for a thresholded follow-up probe
eef0f6cd	bf16	0.000	0.000	0.000	0.000	0.000	1.306	1.032	1.020	1.018	1.002	1.090	candidate	minimax bf16 decode guarded paired merge partial loads for num_index_sets >= 8; e512/e8192 and geo improve while e64 recovers near producer-warp baseline, rerun before keep/revert
eef0f6cd	bf16	0.000	0.000	0.000	0.000	0.000	1.284	1.031	1.012	1.007	1.005	1.088	discard	minimax bf16 decode guarded paired merge partial loads rerun; e512 confirms but e64/e2048/e8192 and profile balance do not beat active row0 PV probe, reverting paired-load stack
4b1cfce0	bf16	0.000	0.000	0.000	0.000	0.000	1.323	1.028	1.019	1.016	0.998	1.091	candidate	minimax bf16 decode row0 QK paired Q preload; geo/e512/e8192 clear candidate bar but e32768 falls below parity, rerun before keep/revert
4b1cfce0	bf16	0.000	0.000	0.000	0.000	0.000	1.317	1.023	1.017	1.010	1.002	1.089	keep	minimax bf16 decode row0 QK paired Q preload rerun; e512 confirms above +0.003 as a probe, while e64/e2048/e8192/e32768 remain weaker than row0 PV baseline
ee6fd84a	bf16	0.000	0.000	0.000	0.000	0.000	1.342	1.018	1.013	1.009	1.000	1.088	candidate	minimax bf16 decode row0 QK paired K preload stacked on paired Q preload; e64 clears +0.003 candidate bar but mid/long floors trail current probe, rerun before keep/revert
ee6fd84a	bf16	0.000	0.000	0.000	0.000	0.000	1.314	1.020	1.016	1.011	0.996	1.087	discard	minimax bf16 decode row0 QK paired K preload rerun; e64 lift did not confirm and e32768 regresses below parity, reverting
e6ed3df9	bf16	0.000	0.000	0.000	0.000	0.000	1.322	1.023	1.017	1.010	1.000	1.087	candidate	minimax bf16 decode row0 PV paired V preload stacked on paired Q preload; e64 clears +0.003 candidate bar but e32768 and geo trail current probe, rerun before keep/revert
e6ed3df9	bf16	0.000	0.000	0.000	0.000	0.000	1.301	1.030	1.017	1.012	1.000	1.087	keep	minimax bf16 decode row0 PV paired V preload rerun; e512 confirms above +0.003 as a probe, while e64/e32768 and geo trail current paired-Q probe
4f1e3901	bf16	0.000	0.000	0.000	0.000	0.000	1.300	1.025	1.020	1.007	1.001	1.087	candidate	minimax bf16 decode skip bs1 merge public LSE store on current row0 PV stack; e2048 clears +0.003 candidate bar but e512/e8192 regress, rerun before keep/revert
4f1e3901	bf16	0.000	0.000	0.000	0.000	0.000	1.284	1.024	1.017	1.011	1.001	1.087	discard	minimax bf16 decode skip bs1 merge public LSE store rerun; e2048 lift did not confirm and e64/e512 floors trail active row0 PV keep, reverting
8ad5d0b2	bf16	0.000	0.000	0.000	0.000	0.000	1.316	1.021	1.011	1.006	0.997	1.088	candidate	minimax bf16 decode GQA6 guarded single-row graph merge/store path; e64 clears +0.003 but mid/long floors regress, rerun before keep/revert
8ad5d0b2	bf16	0.000	0.000	0.000	0.000	0.000	1.329	1.024	1.023	1.010	1.004	1.092	keep	minimax bf16 decode GQA6 guarded single-row graph merge/store rerun; e64/e2048/e32768 and geo confirm, decode cuda-graph passes but unrelated extend guardrails fail
1af6d130	bf16	0.000	0.000	0.000	0.000	0.000	1.311	1.022	1.014	1.000	0.999	1.089	candidate	minimax bf16 decode-only guard on GQA6 single-row graph path; e64 clears +0.003 but mid/long floors trail 8ad5 probe, rerun before keep/revert
1af6d130	bf16	0.000	0.000	0.000	0.000	0.000	1.336	1.014	1.016	1.006	1.004	1.089	keep	minimax bf16 decode-only GQA6 single-row graph path rerun; e64/e32768 confirm as probe, decode cuda-graph passes while existing extend graph guardrails fail
7c320a66	bf16	0.000	0.000	0.000	0.000	0.000	1.307	1.023	1.016	1.012	1.003	1.090	candidate	minimax bf16 bs1-only GQA6 single-row graph path; e64/e32768/geo clear +0.003 while e8192 recovers, rerun before keep/revert
7c320a66	bf16	0.000	0.000	0.000	0.000	0.000	1.320	1.016	1.018	1.006	1.001	1.089	keep	minimax bf16 bs1-only GQA6 single-row graph path rerun; e64 confirms as narrower probe, decode cuda-graph single test passes; sudo ncu full bs2@16k fwd active stalls long_scoreboard/wait/barrier with persistent sleeping dominant, WPI 34.9, occ 20.8/14.5%, smem bank 6.7k, MIO 0.10; bs4@131k fwd active stalls long_scoreboard/wait/selected, WPI 40.8, occ 20.8/17.3%, smem bank 45.1k, MIO 0.06
03a468c6	bf16	0.000	0.000	0.000	0.000	0.000	1.104	1.019	1.012	1.011	1.012	1.079	discard	minimax bf16 decode merge pairloads bs1-4 harvested from rs-2 b6877289; check passes but local full rerun regresses active 7c320a66 geo 1.089 and rs-2 later marked high unreproduced, log=run.bf16.03a468c6.merge_pairloads_bs1_4.log
446cb952	bf16	0.000	0.000	0.000	0.000	0.000	1.342	1.018	1.014	1.011	1.006	1.090	candidate	minimax bf16 decode merge pairloads limited to bs2-4; restores bs1 single-row path and beats bs1-4 harvest, e8192/e32768 clear +0.003 over 7c320a66 but geo is only +0.001, rerun before keep/revert
446cb952	bf16	0.000	0.000	0.000	0.000	0.000	1.341	1.019	1.010	1.009	1.006	1.091	keep	minimax bf16 decode merge pairloads limited to bs2-4 rerun; e512/e8192/e32768 confirm at or above +0.003 over 7c320a66 and geo nudges up, while e2048 regresses and is the next target
27fc53c3	bf16	0.000	0.000	0.000	0.000	0.000	1.347	1.008	1.013	1.008	1.005	1.089	discard	minimax bf16 decode raise merge pairload threshold to 32; partially buys back e2048 but collapses e512 and drops geo back to 7c320a66, reverting
a3a93e15	bf16	0.000	0.000	0.000	0.000	0.000	1.345	1.014	1.006	1.006	1.005	1.088	discard	minimax bf16 decode skip merge pairloads for 31-way splits; targeted guard misses and worsens e2048/e8192 plus geo, reverting
108a3903	bf16	0.000	0.000	0.000	0.000	0.000	1.318	1.022	1.010	1.006	1.000	1.084	discard	minimax bf16 decode K-only producer warp with V consumer-issued; bs2@16k and bs4@131k improved, but e64/e32768 floors and geo regressed, reverting
cc9d81ad	bf16	0.000	0.000	0.000	0.000	0.000	1.327	1.016	1.014	1.007	1.001	1.087	candidate	minimax bf16 decode row0 late output normalization; e2048 clears +0.003 over active 446cb952 but e64/e32768 and geo regress, rerun before keep/revert
cc9d81ad	bf16	0.000	0.000	0.000	0.000	0.000	1.320	1.023	1.015	1.006	1.000	1.087	discard	minimax bf16 decode row0 late output normalization rerun; e512/e2048 lifts confirm but e32768 floor and geo regress versus active 446cb952, reverting
3873ab32	bf16	0.000	0.000	0.000	0.000	0.000	1.302	1.020	1.009	1.004	1.004	1.077	discard	minimax bf16 decode row0 merge pair tree fanout; extra premerge barrier/slot fanout collapses e64 and geo with no +0.003 cell, reverting
405af3fe	bf16	0.000	0.000	0.000	0.000	0.000	1.320	1.025	1.011	1.007	1.002	1.084	candidate	minimax bf16 decode merge unscaled CTA fold; e512 clears +0.003 over active 446cb952 but e64/e8192/e32768 and geo regress, rerun before keep/revert
405af3fe	bf16	0.000	0.000	0.000	0.000	0.000	1.321	1.017	1.013	1.006	0.998	1.082	discard	minimax bf16 decode merge unscaled CTA fold rerun; e2048 reaches +0.003 but e512 lift does not confirm and e32768 drops below parity, reverting
0060b9f7	bf16	0.000	0.000	0.000	0.000	0.000	1.325	1.017	1.010	1.006	0.999	1.082	discard	minimax bf16 decode cooperative persistent merge grid; direct-grid bypass removal regresses e64/e512/e8192/e32768 and has no +0.003 floor, reverting
4a0cec4d	bf16	0.000	0.000	0.000	0.000	0.000	0.000	0.000	0.000	0.000	0.000	0.000	crash	minimax bf16 decode row0 Q shared-memory bank rotate; checked benchmark timed out twice before profile rows after GPU startup, reverting
e9e3b69a	bf16	0.000	0.000	0.000	0.000	0.000	1.302	1.016	0.998	0.993	0.987	1.078	discard	minimax bf16 decode producer role swap V-before-K; no +0.003 floor and long-context floors fall below parity, reverting
be598c8d	bf16	0.000	0.000	0.000	0.000	0.000	1.329	1.020	1.013	1.005	1.000	1.082	discard	minimax bf16 decode V plane 128B stride gap; e2048 reaches +0.003 but e64/e8192/e32768 and geo regress versus active 446cb952, reverting
602542e6	bf16	0.000	0.000	0.000	0.000	0.000	1.365	1.015	1.011	1.012	0.999	1.088	candidate	minimax bf16 decode row0 P-pack specialization; e64 improves strongly and e8192 reaches +0.003, but e512/e32768 and geo regress versus active 446cb952, rerun before keep/revert
602542e6	bf16	0.000	0.000	0.000	0.000	0.000	1.318	1.013	1.007	1.007	0.994	1.084	discard	minimax bf16 decode row0 P-pack specialization rerun; e64/e8192 lift does not confirm and e32768 falls below parity, reverting
db43ffd2	bf16	0.000	0.000	0.000	0.000	0.000	1.248	0.987	1.000	1.003	0.996	1.061	discard	minimax bf16 decode paired persistent chunks; even chunks process two chunk windows and odd chunks write neutral partials, but e64/e512/e2048/e8192/e32768 and geo all regress, reverting
1b4cf475	bf16	0.000	0.000	0.000	0.000	0.000	1.314	1.014	1.009	1.004	1.006	1.082	discard	minimax bf16 decode row0 QK masked accumulators; avoids carrying unused row-slot score regs and fuses their -inf mask write, but e64/e512/e2048/e8192 and geo regress versus active 446cb952, reverting
ce57b7bb	bf16	0.000	0.000	0.000	0.000	0.000	1.273	1.013	1.006	1.001	1.002	1.077	discard	minimax bf16 decode direct split output stores; bypasses sDecodeStage/v128 epilogue and writes partial BF16 output directly, but coalescing loss dominates and all floors plus geo regress versus active 446cb952, reverting
c1bbca97	bf16	0.000	0.000	0.000	0.000	0.000	1.314	1.018	1.009	1.004	1.006	1.083	discard	minimax bf16 decode merge async issue reorder; issues the next staged partial load before normalized merge math, but e64/e512/e2048/e8192 and geo regress versus active 446cb952 with no +0.003 floor, reverting
785dabfa	bf16	0.000	0.000	0.000	0.000	0.000	1.303	1.013	1.008	1.005	0.998	1.079	discard	minimax bf16 decode merge bdy8 fanout; doubles BF16 paired-load merge y fanout for head128, but e64/e512/e2048/e32768 and geo regress and e32768 drops below parity, reverting
cf179e46	bf16	0.000	0.000	0.000	0.000	0.000	1.331	1.020	1.014	1.005	1.006	1.083	discard	minimax bf16 decode row0 PV masked accumulators; zeros/skips unused PV MMA row-slot lanes 2/3/6/7 in the row0 helper, improving e2048 but regressing e64/e8192 and geo versus active 446cb952, reverting
84971712	bf16	0.000	0.000	0.000	0.000	0.000	1.312	1.013	1.009	1.004	0.998	1.081	discard	minimax bf16 decode fused row0 QK/P path; stacks row0 QK lane pruning with BF16 row0 P-pack so score path stays four-lane end-to-end, but e64/e512/e2048/e8192/e32768 and geo all regress versus active 446cb952, reverting
d86ffb28	bf16	0.000	0.000	0.000	0.000	0.000	1.320	1.017	1.009	1.007	0.993	1.084	discard	minimax bf16 decode row0 unit V-scale elision; skips p_frag*v_scale in the row0 PV helper when no V descale tensor is present, but long-context e32768 falls below parity and e64/e512/e8192/geo regress versus active 446cb952, reverting
0c9c7c12	bf16	0.000	0.000	0.000	0.000	0.000	0.636	0.248	0.228	0.201	0.188	0.299	discard	minimax bf16 decode 128-wide TMA planes; collapses BF16 minimax K/V from two 64-wide TMA planes to one 128-wide plane and retargets row0 ldmatrix offsets, but output is invalid (b12x/ref rel_l2 about 1.24-1.36) and all speed floors collapse, reverting
fe16d0e2	bf16	0.000	0.000	0.000	0.000	0.000	0.682	0.346	0.325	0.333	0.332	0.457	discard	minimax bf16 decode V-only 128-wide TMA plane; keeps K on 64-wide planes and collapses V to one 128-wide plane, but output is invalid (b12x/ref rel_l2 about 1.24-1.36) and speed floors collapse, reverting
94f93495	bf16	0.000	0.000	0.000	0.000	0.000	1.318	1.025	1.014	1.007	1.000	1.081	candidate	minimax bf16 decode row0 QK paired K loads; preloads the second K ldmatrix group before the first QK MMA, with e512/e2048 clearing +0.003 but e64/e8192/e32768 and geo below active 446cb952, rerun before keep/revert
94f93495	bf16	0.000	0.000	0.000	0.000	0.000	1.329	1.022	1.011	1.007	1.000	1.086	discard	minimax bf16 decode row0 QK paired K loads rerun; e512 confirms at +0.003 but e2048 lift does not confirm and e64/e8192/e32768 plus geo remain below active 446cb952, reverting
911c9049	bf16	0.000	0.000	0.000	0.000	0.000	0.000	0.000	0.000	0.000	0.000	0.000	crash	minimax bf16 decode V TMA stride padding; pads BF16 minimax V shared TMA rows by one 128b slot while keeping 64-wide planes, but graph capture trips CUDA_ERROR_MISALIGNED_ADDRESS, reverting
d69c88e3	bf16	0.000	0.000	0.000	0.000	0.000	1.267	1.016	1.000	0.998	1.001	1.071	discard	minimax bf16 decode V TMA plain layout; uses row-major V TMA smem layout for BF16 minimax and bypasses 128b swizzle in BF16 PV loads, but all floor cells/geo regress versus active 446cb952, reverting
13815f75	bf16	0.000	0.000	0.000	0.000	0.000	1.324	1.020	1.010	1.004	0.996	1.082	discard	minimax bf16 decode row0 full-tile QK mask elision; skips key_local tail checks on full 64-token row0 BF16 QK tiles, but e64/e8192/e32768 and geo regress versus active 446cb952, reverting
6c97d2fd	bf16	0.000	0.000	0.000	0.000	0.000	1.255	1.019	0.996	0.995	0.990	1.069	discard	minimax bf16 decode K TMA plain layout; uses row-major K TMA smem layout for BF16 minimax and bypasses 128b swizzle in BF16 QK loads, but e64/e2048/e8192/e32768 and geo regress versus active 446cb952, reverting
fb7a5bf9	bf16	0.000	0.000	0.000	0.000	0.000	1.336	1.030	1.014	1.013	0.999	1.086	discard	minimax bf16 decode bs2 persistent chunk remap; halves bs2 long-context split count by moving bs2 from 32-way to 16-way chunks, improving bs2 16K/32K but regressing bs2 131K below FA2 and geo/floor versus active 446cb952, reverting
f37f7561	bf16	0.000	0.000	0.000	0.000	0.000	1.307	1.021	1.015	1.007	1.003	1.082	discard	minimax bf16 decode V 32-row TMA boxes; splits V TMA into low/high 32x64 row boxes while K stays 64x64, correctness clean and e2048/bs4-long lift but e64/e8192/e32768 and geo regress versus active 446cb952, reverting
5a2bdef9	bf16	0.000	0.000	0.000	0.000	0.000	1.301	1.013	0.999	0.999	0.996	1.075	discard	minimax bf16 decode row0 warp-vector writeback; gathers BF16 row0 merge packs with warp shuffles and writes v4.u32 directly, correctness clean but long-context floors and geo regress versus active 446cb952, reverting
f2339c60	bf16	0.000	0.000	0.000	0.000	0.000	1.331	1.030	1.001	0.994	0.986	1.082	discard	minimax bf16 decode K-ahead producer issue; dedicated producer sends next K tile before current V, correctness clean and e512 lifts but V delay collapses long-context floors versus active 446cb952, reverting
f2ba059c	bf16	0.000	0.000	0.000	0.000	0.000	1.327	1.015	1.010	1.005	1.000	1.084	discard	minimax bf16 decode writer-warp merge fold; final BF16 regular decode merge fold and output write restricted to ty0 after per-warp chunk folds, correctness clean but e512/e32768 and geo regress versus active 446cb952, reverting
1aa790f2	bf16	0.000	0.000	0.000	0.000	0.000	1.334	1.014	1.009	1.007	1.000	1.084	discard	minimax bf16 decode inline regular decode chunk counts; forward and merge compute split count from cache_len/kv_chunk_size instead of o_indptr/merge_indptr for full-window BF16 regular decode, correctness clean but floor and geo regress versus active 446cb952, reverting
4b17c476	bf16	0.000	0.000	0.000	0.000	0.000	0.000	0.000	0.000	0.000	0.000	0.000	crash	minimax bf16 decode V row4 TMA swizzle; V exact-plane TMA uses row4 shared-memory permutation with matching BF16 row0 PV ldmatrix offsets, but capture fails with CUDA_ERROR_MISALIGNED_ADDRESS before ratios, reverting
41bf4e26	bf16	0.000	0.000	0.000	0.000	0.000	1.320	1.013	1.009	1.003	1.009	1.084	discard	minimax bf16 decode row0 fused P D update; BF16 row0 uses compact row0 p packer, accumulates d in the same helper, and skips rowsum MMA, benchmark check completes but e64/e512/e8192 and geo regress versus active 446cb952, reverting
285d7f58	bf16	0.000	0.000	0.000	0.000	0.000	1.366	0.321	1.026	0.594	1.001	1.060	discard	minimax bf16 decode persistent chunk budget; planner halves effective BF16 minimax chunk count by lowering 128x128 GQA6 budget, correctness clean and some long cells lift but bs2 ctx16384/65536 collapse, reverting
3cde9d5a	bf16	0.000	0.000	0.000	0.000	0.000	1.291	1.031	1.019	1.011	1.006	1.090	discard	minimax bf16 decode row0 scaled score update; BF16 row0 keeps m_frag in scaled log2 score units and skips the later m scaling pass, correctness clean and mid-context floors lift but bs2 short-context floor regresses badly versus active 446cb952, reverting
984db010	bf16	0.000	0.000	0.000	0.000	0.000	1.330	1.044	1.025	1.014	1.016	1.097	keep	minimax bf16 decode graph-safe bucket chunk retune; harvested rs-3 f927d8d3 bs4 chunk-cap idea and extended caps to bs1/bs2/bs3, complete checked run beats active 446cb952 geo by +0.006 and lifts all mid/long floors while e64 regresses
ab34eb86	bf16	0.000	0.000	0.000	0.000	0.000	1.337	1.047	1.028	1.018	1.017	1.100	keep	minimax bf16 decode bs2 long chunk split; keeps bs2 16k-65k at 16 chunks but returns 131k to the default 32-chunk bucket, complete checked run improves over 984db010 on geo and all floors except only marginal e32768
8d8db84f	bf16	0.000	0.000	0.000	0.000	0.000	1.182	0.958	1.020	0.976	1.006	1.083	discard	minimax bf16 decode restore bs3 default chunks; bs3 default 16-chunk replay regresses badly at 16k and 65k despite clean correctness, dropping e512/e8192 below parity and geo below ab34eb86, reverting
227b5c03	bf16	0.000	0.000	0.000	0.000	0.000	1.317	1.051	1.032	1.023	1.014	1.096	candidate	minimax bf16 decode bs2 mid chunk cap12; improves e512/e2048/e8192 by at least +0.003 over ab34eb86, but e64/e32768 and geo regress, rerun before keep or revert
227b5c03	bf16	0.000	0.000	0.000	0.000	0.000	1.329	1.049	1.029	1.022	1.016	1.097	discard	minimax bf16 decode bs2 mid chunk cap12 rerun; e8192 lift confirms but e512/e2048 no longer clear +0.003 over ab34eb86 and e64/e32768/geo trail, reverting to bs2 cap16 mid bucket
cccc2b39	bf16	0.000	0.000	0.000	0.000	0.000	1.325	1.045	1.030	1.015	1.001	1.095	discard	minimax bf16 decode bs3 chunk cap10; graph-safe checked run lowers bs3 to 10 chunks but e64/e512/e8192/e32768 and geo regress versus ab34eb86, reverting to bs3 cap12
1cba113c	bf16	0.000	0.000	0.000	0.000	0.000	1.327	1.051	1.029	1.022	1.011	1.097	candidate	minimax bf16 decode bs3 long chunk split; releases only bs3 131k/max bucket back to default chunks, lifting e512/e8192 about +0.004 over ab34eb86 but e64/e32768/geo regress, rerunning before keep or revert
1cba113c	bf16	0.000	0.000	0.000	0.000	0.000	0.574	0.771	1.023	1.013	1.010	1.040	discard	minimax bf16 decode bs3 long chunk split rerun; candidate failed confirmation with bs3 short/mid collapse despite clean correctness, reverting to bs3 cap12 across long buckets
cfe93590	bf16	0.000	0.000	0.000	0.000	0.000	1.395	0.703	0.977	1.021	1.003	1.093	candidate	minimax bf16 decode bs2 mid chunk cap14; target bs2 16k/32k/65k cells lift versus ab34eb86, but unrelated bs3 short/mid collapse spoils floors, rerunning before keep or revert
cfe93590	bf16	0.000	0.000	0.000	0.000	0.000	1.357	1.052	1.031	1.024	1.003	1.099	discard	minimax bf16 decode bs2 mid chunk cap14 rerun; e64/e512/e2048/e8192 lifts confirm, but repeatable bs2 131k/e32768 regression and lower geo than ab34eb86 make the tradeoff weaker, reverting
003ee697	bf16	0.000	0.000	0.000	0.000	0.000	1.329	1.047	1.029	1.025	1.014	1.097	candidate	minimax bf16 decode bs2 upper-mid chunk cap14; only 32k/65k bs2 replay buckets move to 14 chunks, e8192 clears +0.003 over ab34eb86 but e64/e32768/geo regress, rerunning before keep or revert
003ee697	bf16	0.000	0.000	0.000	0.000	0.000	0.419	0.419	1.031	0.987	0.916	0.991	discard	minimax bf16 decode bs2 upper-mid chunk cap14 rerun; candidate failed confirmation with bs2 short/16k/65k/131k collapse despite clean correctness, reverting to bs2 cap16 for the full mid bucket
9431e09d	bf16	0.000	0.000	0.000	0.000	0.000	1.359	1.042	1.024	1.011	1.003	1.098	candidate	minimax bf16 decode bs1 max-context chunk cap24; bs1 capture/max bucket moves from 16 to 24 chunks and e64 floor lifts strongly, but long floors and geo trail ab34eb86, rerunning before keep or revert
9431e09d	bf16	0.000	0.000	0.000	0.000	0.000	1.360	1.042	1.024	1.013	1.001	1.096	discard	minimax bf16 decode bs1 max-context chunk cap24 rerun; e64 lift confirms, but e512/e2048/e8192/e32768 and geo stay below ab34eb86, reverting to bs1 cap16 across long buckets
f5de4968	bf16	0.000	0.000	0.000	0.000	0.000	1.144	1.035	1.021	1.021	1.012	1.114	candidate	minimax bf16 decode bs3 max-context chunk cap14; bs3 capture/max bucket moves from 12 to 14 chunks and geo spikes to 1.114 with e8192 at +0.003, but short/mid floors regress and bs1 timings look anomalous, rerunning before keep or revert
f5de4968	bf16	0.000	0.000	0.000	0.000	0.000	1.341	1.048	1.024	1.019	1.018	1.097	discard	minimax bf16 decode bs3 max-context chunk cap14 rerun; anomalous geo spike did not confirm, e64 lift remains but e2048 and geo trail ab34eb86, reverting to bs3 cap12 across long buckets
08d4fb77	bf16	0.000	0.000	0.000	0.000	0.000	1.336	1.052	1.025	1.014	0.961	1.095	candidate	minimax bf16 decode bs2 max-context 48-way split; e512 clears +0.003 over ab34eb86 but targeted bs2 131k collapses below parity, rerunning before revert under candidate threshold rule
08d4fb77	bf16	0.000	0.000	0.000	0.000	0.000	1.339	1.052	1.021	1.016	0.956	1.094	discard	minimax bf16 decode bs2 max-context 48-way split rerun; e512 lift confirms but bs2 131k repeatably collapses below parity and e2048/e32768/geo trail ab34eb86, reverting
9021fc0f	bf16	0.000	0.000	0.000	0.000	0.000	0.000	0.000	0.000	0.000	0.000	0.000	crash	minimax bf16 decode bs1 max-context 12-way split; capture bucket allocates only 12 partial rows while 16k-65k replay LUT still needs 16, producing graph workspace capacity blocks, reverting
674cf445	bf16	0.000	0.000	0.000	0.000	0.000	1.334	0.881	0.852	0.825	0.829	1.050	discard	minimax bf16 decode bs1 long-context chunk cap12; graph-safe but under-splits bs1 16k-131k and drives all long bs1 ratios below parity, reverting to bs1 cap16
f14e593f	bf16	0.000	0.000	0.000	0.000	0.000	1.360	1.050	1.031	1.015	1.011	1.098	candidate	minimax bf16 decode bs3 long-context chunk cap11; e64/e512/e2048 clear +0.003 over ab34eb86 but e8192/e32768 and geo trail, rerunning before keep or revert
f14e593f	bf16	0.000	0.000	0.000	0.000	0.000	1.338	1.051	1.025	1.017	1.019	1.101	keep	minimax bf16 decode bs3 long-context chunk cap11 rerun; e512 +0.004 over ab34eb86 confirms and geomean edges up despite e2048 tradeoff, keeping as current probe stack
b73f7fd8	bf16	0.000	0.000	0.000	0.000	0.000	1.348	1.049	1.030	1.017	1.014	1.098	candidate	minimax bf16 decode bs3 16k-only chunk cap11 with cap12 restored for longer contexts; e2048 improves over f14e593f but e512/e32768/geo regress, rerunning before keep or revert
b73f7fd8	bf16	0.000	0.000	0.000	0.000	0.000	1.328	1.052	1.027	1.016	1.004	1.100	discard	minimax bf16 decode bs3 16k-only chunk cap11 rerun; e512 repeats but e2048 lift does not and e32768 collapses versus f14e593f, reverting to bs3 cap11 across long buckets
6652d47a	bf16	0.000	0.000	0.000	0.000	0.000	1.342	1.005	1.004	0.992	0.988	1.088	discard	minimax bf16 decode bs1 long-context chunk cap15; graph-safe but bs1 16k-131k falls to parity/below parity and long minimax floors collapse, reverting to bs1 cap16
2471f5ce	bf16	0.000	0.000	0.000	0.000	0.000	0.771	1.046	1.024	1.012	0.988	1.095	discard	minimax bf16 decode bs2 max-context chunk cap28; targeted bs2 131k drops to 1.009 and noisy bs1 outliers collapse e64/e32768, reverting to default bs2 max split
01bf2102	bf16	0.000	0.000	0.000	0.000	0.000	1.173	1.058	1.017	1.007	1.004	1.091	candidate	minimax bf16 decode bs2 mid-context chunk cap18; e512 and bs2 32k improve but bs4 timing outliers and bs2 long regressions crush floors, rerunning before keep or revert
01bf2102	bf16	0.000	0.000	0.000	0.000	0.000	0.456	0.363	1.032	0.790	1.017	0.979	discard	minimax bf16 decode bs2 mid-context chunk cap18 rerun; bs2 128/16k/65k collapse and geo falls below parity despite e2048 lift, reverting to bs2 cap16 mid buckets
28872869	bf16	0.000	0.000	0.000	0.000	0.000	1.354	1.048	1.033	1.017	0.999	1.096	candidate	minimax bf16 decode bs2 32k-only chunk cap18; e2048 floor rises clearly but e512 slips and bs2 131k noise drops e32768, rerunning before keep or revert
28872869	bf16	0.000	0.000	0.000	0.000	0.000	1.328	1.047	1.033	1.014	1.009	1.099	discard	minimax bf16 decode bs2 32k-only chunk cap18 rerun; e2048 lift confirms but e512/e8192/e32768 and geo all trail f14e593f, reverting
890a05ed	bf16	0.000	0.000	0.000	0.000	0.000	1.341	1.047	1.024	1.014	1.019	1.099	discard	minimax bf16 decode bs2 32k-only chunk cap17; milder cap loses the e2048 lift while e512/e8192/geo still trail f14e593f, reverting
78d5ad93	bf16	0.000	0.000	0.000	0.000	0.000	0.655	0.383	0.511	1.018	1.020	0.993	discard	minimax bf16 decode bs3 long-context chunk cap13; no +0.003 floor lift over f14e593f and bs2 mid-context timings collapse, reverting to bs3 cap11
8560bdab	bf16	0.000	0.000	0.000	0.000	0.000	1.335	1.044	1.029	1.016	1.020	1.098	candidate	minimax bf16 decode bs2 65k-only chunk cap14; e2048 floor clears +0.003 over f14e593f but e512 and geo regress while target e8192 only moves inside the non-floor bs2 cell, rerunning before keep or revert
8560bdab	bf16	0.000	0.000	0.000	0.000	0.000	1.353	1.052	1.025	1.023	1.016	1.098	keep	minimax bf16 decode bs2 65k-only chunk cap14 rerun; target e8192 floor lift confirms at +0.006 and e512 edges up, keeping as probe stack despite e32768 and geo tradeoff for a follow-on long-tail retune
101b2394	bf16	0.000	0.000	0.000	0.000	0.000	1.336	1.046	1.020	1.018	1.018	1.098	discard	minimax bf16 decode bs2 65k-only chunk cap15; conservative step back toward cap16 loses the cap14 e8192 lift and has no +0.003 floor gain over f14e593f, reverting to cap14 probe stack
d4e65276	bf16	0.000	0.000	0.000	0.000	0.000	0.573	0.896	1.016	0.998	1.001	1.047	discard	minimax bf16 decode bs2 65k-only chunk cap13; stronger undersplit worsens cap14 with bs3 timing outliers and bs2 131k near parity, reverting to cap14 probe stack
fb89542c	bf16	0.000	0.000	0.000	0.000	0.000	1.348	1.046	1.027	1.024	1.021	1.128	candidate	minimax bf16 decode bs2 65k cap14 plus max-context 34-way split; e8192 remains above f14e593f and e32768 recovers versus cap14, but geomean includes a bs4 FA2 outlier, rerunning before keep or revert
fb89542c	bf16	0.000	0.000	0.000	0.000	0.000	1.331	1.043	1.023	0.968	1.014	1.187	discard	minimax bf16 decode bs2 65k cap14 plus max-context 34-way split rerun; e32768 recovery and e8192 floor do not confirm, with bs1 65k outlier crushing the floor, reverting to cap14 probe stack
7a8d4de1	bf16	0.000	0.000	0.000	0.000	0.000	1.304	1.035	1.018	1.022	0.992	1.092	discard	minimax bf16 decode bs1 long-context chunk cap17 on top of cap14; bs1 long cells improve locally but active-stack floors regress and bs2 131k drops below parity, reverting to bs1 cap16
8b1326fe	bf16	0.000	0.000	0.000	0.000	0.000	0.568	0.955	0.938	1.020	1.017	1.044	discard	minimax bf16 decode bs2 65k cap14 plus max-context chunk cap31; mild undersplit is swamped by bs3 timing outliers and does not improve active-stack floors, reverting to default bs2 max split
6dad7ac4	bf16	0.000	0.000	0.000	0.000	0.000	0.312	0.834	1.029	0.976	1.008	1.011	discard	minimax bf16 decode bs2 16k-only chunk cap14 on top of cap14 stack; targeted bs2 16k regresses and bs3 timing outliers crush e64/e512/e8192, reverting to bs2 cap16 for 16k
cf676fb6	bf16	0.000	0.000	0.000	0.000	0.000	1.345	1.048	1.030	1.023	1.017	1.100	candidate	minimax bf16 decode bs2 32k-only chunk cap14 on top of cap14 stack; e2048 floor clears +0.003 over active stack but e64/e512 regress and geo is only marginal, rerunning before keep or revert
cf676fb6	bf16	0.000	0.000	0.000	0.000	0.000	1.365	1.052	1.029	1.024	1.001	1.101	candidate	minimax bf16 decode bs2 32k-only chunk cap14 rerun; e2048 lift confirms, but bs2 131k collapses to near parity, running one more confirmation before keep or revert
cf676fb6	bf16	0.000	0.000	0.000	0.000	0.000	1.346	1.050	1.029	1.023	1.017	1.099	keep	minimax bf16 decode bs2 32k-only chunk cap14 second rerun; e2048 floor lift confirms at +0.004 and e32768 recovers, keeping as probe stack despite e64/e512 and geo tradeoffs
d82e72b3	bf16	0.000	0.000	0.000	0.000	0.000	1.336	1.051	1.031	1.023	1.011	1.103	candidate	minimax bf16 decode bs4 long-context chunk cap11 on cap14 stack; bs4 131k improves locally and geomean clears +0.003, but e64/e32768 floors regress from other buckets, rerunning before keep or revert
d82e72b3	bf16	0.000	0.000	0.000	0.000	0.000	1.362	1.049	1.035	1.022	1.007	1.098	keep	minimax bf16 decode bs4 long-context chunk cap11 rerun; e2048 floor lift confirms and bs4 32k/131k local gains persist, keeping as planner probe despite unchanged bs2 max-context noise pulling down e32768 and flat geomean
11927cf3	bf16	0.000	0.000	0.000	0.000	0.000	1.318	1.051	1.031	1.022	1.017	1.101	discard	minimax bf16 decode bs3 32k-only chunk cap10; target bs3 32k cell moves only within noise while e64 and e2048 regress versus kept cap11 stack, reverting the per-bucket undersplit
cdf73729	bf16	0.000	0.000	0.000	0.000	0.000	0.000	0.000	0.000	0.000	0.000	0.000	crash	minimax bf16 decode bs1 32k-only chunk cap17; graph replay needs 17 partial rows but captured workspace capacity is 16 for the bucket, discarding partial timings and reverting
9589decb	bf16	0.000	0.000	0.000	0.000	0.000	1.320	1.049	1.024	1.021	0.999	1.100	discard	minimax bf16 decode bs2 max-context chunk cap33; planner still emits the default 4160-token chunk at bs2 131k so the cap is ineffective while e32768 drops below parity, reverting
c3d01557	bf16	0.000	0.000	0.000	0.000	0.000	1.329	1.046	1.033	1.021	1.018	1.100	candidate	minimax bf16 decode bs2 max-context split33; planner emits 4032-token chunks and bs2 131k reaches 1.020x, clearing +0.003 over the pre-split kept row, rerunning before keep or revert
c3d01557	bf16	0.000	0.000	0.000	0.000	0.000	1.329	1.052	1.027	1.019	1.017	1.102	keep	minimax bf16 decode bs2 max-context split33 rerun; 4032-token chunk shape repeats and bs2 131k holds at 1.019x, recovering e32768 and geomean on the current stack despite e2048/e8192 tradeoffs
ad554794	bf16	0.000	0.000	0.000	0.000	0.000	1.323	1.046	1.027	1.024	1.010	1.101	candidate	minimax bf16 decode graph merge bdy3 on split33 stack; e8192 floor clears +0.005 over current keep but e32768 and geo regress, rerunning before keep or revert
ad554794	bf16	0.000	0.000	0.000	0.000	0.000	1.374	1.055	1.032	1.023	1.015	1.104	keep	minimax bf16 decode graph merge bdy3 rerun; bdy3 confirms with e512/e2048/e8192 lifts and new 1.104 geo on the split33 stack, keeping despite a small e32768 tradeoff
42121b37	bf16	0.000	0.000	0.000	0.000	0.000	0.000	0.000	0.000	0.000	0.000	0.000	crash	minimax bf16 decode bs4 max-context chunk cap10 on bdy3 stack; max capture capacity drops to 40 partial rows while bs4 mid replays need 44, causing graph workspace capacity blocks, reverting
f04048b0	bf16	0.000	0.000	0.000	0.000	0.000	1.323	1.053	1.034	1.021	1.015	1.098	discard	minimax bf16 decode bs4 max-context chunk cap12 on bdy3 stack; avoids the cap10 graph block but bs4 max does not improve and e8192/geo regress versus the kept bdy3 stack, reverting
b4916311	bf16	0.000	0.000	0.000	0.000	0.000	0.632	1.028	0.876	1.023	1.020	1.051	discard	minimax bf16 decode merge single-y writeback on bdy3 stack; correctness passes but gating duplicate ty output stores creates severe bs3 short/mid regressions and geo collapses, reverting
3714e09f	bf16	0.000	0.000	0.000	0.000	0.000	0.645	1.054	1.031	0.973	1.006	1.072	discard	minimax bf16 decode bs4 65k-only chunk cap10 on bdy3 stack; graph-safe but target bs4 65k drops to 1.020x and unrelated bs3 noise crushes e64/e8192/geo, reverting
fba83821	bf16	0.000	0.000	0.000	0.000	0.000	1.354	1.054	1.031	1.023	1.011	1.100	discard	minimax bf16 decode bs4 32k-only chunk cap10 on bdy3 stack; graph-safe but target bs4 32k falls slightly to 1.031x and geo trails kept bdy3, reverting
f9ba9fa4	bf16	0.000	0.000	0.000	0.000	0.000	1.364	1.051	1.033	1.024	1.018	1.099	candidate	minimax bf16 decode bs4-only merge bdy2; e32768 floor clears +0.003 over kept bdy3 but geo/e512 regress, rerunning before keep or revert
f9ba9fa4	bf16	0.000	0.000	0.000	0.000	0.000	1.328	1.049	1.024	1.023	1.018	1.099	discard	minimax bf16 decode bs4-only merge bdy2 rerun; e32768 tail lift confirms but e512/e2048 and geo remain below kept bdy3, reverting rather than keeping a narrow tail-only tradeoff
b55eba60	bf16	0.000	0.000	0.000	0.000	0.000	0.414	0.832	0.808	0.973	1.007	1.003	discard	minimax bf16 decode bs1 deepest split17 on bdy3 stack; capture safely expands to 17 chunks but bs1 131k does not improve and bs3/geo collapse, reverting
63d63079	bf16	0.000	0.000	0.000	0.000	0.000	1.306	1.048	1.032	1.019	1.018	1.145	candidate	minimax bf16 decode merge smem stages5 on bdy3 stack; headline geo jumps but mostly from bs2 FA2 outliers while e64/e512/e8192 floors regress, rerunning before keep or revert
63d63079	bf16	0.000	0.000	0.000	0.000	0.000	0.626	0.950	0.934	0.975	0.992	1.062	discard	minimax bf16 decode merge smem stages5 rerun; headline geo and bs2 FA2 outlier do not confirm while bs3 stays badly regressed and bs2 max falls below parity, reverting
2093952b	bf16	0.000	0.000	0.000	0.000	0.000	1.380	1.046	1.032	1.026	0.997	1.105	candidate	minimax bf16 decode bs3 16k-only chunk cap10 on bdy3 stack; target bs3 16k rises to 1.061x and geo edges past 1.104 with e64/e8192 floor lifts, but bs2 max-context noise drops below parity, rerunning
2093952b	bf16	0.000	0.000	0.000	0.000	0.000	1.375	1.046	1.033	1.021	0.996	1.106	keep	minimax bf16 decode bs3 16k-only chunk cap10 rerun; geomean confirms above the 1.104 bdy3 ceiling, keeping as a narrow bucket retune despite e8192/e32768 weakness and bs2 max-context below parity
62aa1c56	bf16	0.000	0.000	0.000	0.000	0.000	1.370	1.048	1.037	1.023	0.997	1.106	candidate	minimax bf16 decode bs3 mid chunk cap10 stacked on bs3 16k cap10; bs3 32k rises to 1.037x and e2048 floor clears +0.004 while geo holds 1.106, rerunning before keep
62aa1c56	bf16	0.000	0.000	0.000	0.000	0.000	1.375	1.047	1.035	1.021	0.995	1.106	keep	minimax bf16 decode bs3 mid chunk cap10 rerun; bs3 32k lift confirms at 1.038x and the stack holds the 1.106 ceiling, keeping despite no additional rounded geo lift and continued bs2 max-context weakness
5cc7cbad	bf16	0.000	0.000	0.000	0.000	0.000	1.378	1.053	1.030	1.024	0.996	1.123	candidate	minimax bf16 decode harvest rs-3 cap16 onto bs3 16k cap10 stack; headline geo jumps past 1.110 but bs4 FA2 long-context outliers inflate the sample, rerunning before keep
5cc7cbad	bf16	0.000	0.000	0.000	0.000	0.000	0.654	1.052	1.029	1.020	0.845	1.096	candidate	minimax bf16 decode harvest rs-3 cap16 rerun; sample is noisy in untouched bs1 cells while bs3 cap16 chunks remain normal, running a third confirmation before keep or revert
5cc7cbad	bf16	0.000	0.000	0.000	0.000	0.000	1.380	1.045	1.033	1.021	0.996	1.104	discard	minimax bf16 decode harvest rs-3 cap16 third run; clean sample falls below the kept 1.106 stack because preserving bs3 16k cap10 does not reproduce rs-3's cap16 gain, reverting before exact-cap16 probe
88cc30e7	bf16	0.000	0.000	0.000	0.000	0.000	1.353	1.049	1.034	1.024	0.997	1.105	discard	minimax bf16 decode exact bs3 cap16 probe; reproduces rs-3 bs3 chunk shape but does not transfer onto this stack, falling below the kept 1.106 cap10 result and well short of the 1.110 bar
79be78e1	bf16	0.000	0.000	0.000	0.000	0.000	1.351	1.053	1.038	1.024	0.998	1.104	discard	minimax bf16 decode merge smem stages3 on bdy3 stack; e2048 lifts versus the kept cap10 row but short floor and geomean regress, so the lower-stage merge prefetch is not a path past 1.110
ce3b9583	bf16	0.000	0.000	0.000	0.000	0.000	1.349	1.049	1.036	1.024	0.997	1.104	discard	minimax bf16 decode bs3 mid chunk cap9; local bs3 32k rises to 1.042x but bs3 16k and short floor regress, leaving geomean below the kept cap10 stack
62df4149	bf16	0.000	0.000	0.000	0.000	0.000	0.000	0.000	0.000	0.000	0.000	0.000	crash	minimax bf16 decode bs2 long chunk cap13; bs2 65k/131k looked promising but graph replay blocked bs2 16k/32k because capture capacity fell to 13 chunks while mid buckets still needed up to 16, reverting before graph-safe all-bs2 cap13 probe
6944d7b4	bf16	0.000	0.000	0.000	0.000	0.000	1.391	1.046	1.035	1.028	1.020	1.107	candidate	minimax bf16 decode bs2 all-long chunk cap13; graph-safe version clears the capacity failure and materially lifts long-context floors, rerunning before keep because headline geo is still below the 1.110 fleet bar
6944d7b4	bf16	0.000	0.000	0.000	0.000	0.000	1.354	1.043	1.035	1.022	1.016	1.102	discard	minimax bf16 decode bs2 all-long chunk cap13 rerun; long-context floor lift does not confirm enough and headline falls below the kept 1.106 stack, reverting before the next bucket retune
e6f2599c	bf16	0.000	0.000	0.000	0.000	0.000	1.372	1.042	1.033	1.026	1.016	1.105	candidate	minimax bf16 decode rs3 long cap stack on local bs3 mid cap10; bs1 cap24 plus graph-safe bs2 cap13 and bs3 deepest cap16 lift e8192/e32768 floors but headline is below the kept 1.106 stack, rerunning before keep or revert
e6f2599c	bf16	0.000	0.000	0.000	0.000	0.000	1.345	1.045	1.032	1.030	1.016	1.107	keep	minimax bf16 decode rs3 long cap stack rerun; long-floor lift confirms at e8192/e32768 and geo nudges above the local kept stack, keeping as probe despite e64/e512/e2048 tradeoffs; focused decode graph guardrails passed
3709d80a	bf16	0.000	0.000	0.000	0.000	0.000	1.320	1.053	1.030	1.024	1.013	1.107	candidate	minimax bf16 decode bs4 all-long chunk cap12 isolated on rs3 long cap stack; bs4 16k improves to 1.053 but longer bs4 cells and e64 regress, so keeping as a candidate trace while moving to the rs3 bs2 bucket-shape alignment
82043717	bf16	0.000	0.000	0.000	0.000	0.000	0.000	0.000	0.000	0.000	0.000	0.000	crash	minimax bf16 decode rs3 bs2 bucket shape with 16-way base and cap13 only from 32k; invalid on local bs2 CTA6 capture because bs2 16k needs 16 chunks/request while graph capacity is 13, reverting before graph-safe variant
fbb00d70	bf16	0.000	0.000	0.000	0.000	0.000	1.328	1.046	1.033	1.030	1.018	1.105	candidate	minimax bf16 decode bs4 mid cap12 with capture padding; bs4 16k improves to 1.051 with cap12 capture but full minimax floor stays below the kept rs3 long cap stack, so logging as targeted telemetry before reverting
9313120b	bf16	0.000	0.000	0.000	0.000	0.000	1.388	1.047	1.036	1.028	1.017	1.113	candidate	minimax bf16 decode isolated rs2 cap table without CTA retune; combines bs1 cap20, graph-safe bs2 cap12/13, bs3 cap14/15, and bs4 cap11 on the local CTA6 stack, first run clears the 1.110 bar with no graph blocks, rerunning before keep
97c3ccd0	bf16	0.000	0.000	0.000	0.000	0.000	1.380	1.050	1.033	1.028	1.019	1.106	candidate	minimax bf16 decode exact rs3 894b34f6 harvest on local bs3 mid cap10 stack; bs3 16k keeps cap10 and bs3 32k+ moves to cap16, but headline stays below the kept rs3 long cap stack despite better e512/e32768 floors
7a71061f	bf16	0.000	0.000	0.000	0.000	0.000	1.381	1.044	1.035	1.029	1.021	1.111	keep	minimax bf16 decode rs2 cap table without CTA retune; source-equivalent to isolated 9313120b and confirmation rerun holds above the 1.110 fleet bar with bs1 cap20, graph-safe bs2 cap12/13, bs3 cap14/15, and bs4 cap11, no graph blocks
3628b06c	bf16	0.000	0.000	0.000	0.000	0.000	1.330	1.042	1.031	1.027	1.020	1.105	discard	minimax bf16 decode cap table bs1 cap24 probe; widening bs1 long-context chunks back to 1408/2752/5504 regresses the current cap-table base across bs2/bs3 and drops headline below the 1.111 keep, reverting
294bf265	bf16	0.000	0.000	0.000	0.000	0.000	0.000	0.000	0.000	0.000	0.000	0.000	crash	minimax bf16 decode cap table bs4 mid-only cap12 probe; bs4 16k needed 48 work items while full-context cap11 capture reserved 44, so the printed 1.114x partial geomean is invalid and requires capture padding
3578b9cf	bf16	0.000	0.000	0.000	0.000	0.000	1.374	1.053	1.045	1.027	1.017	1.113	candidate	minimax bf16 decode cap table bs4 mid cap12 with capture padding; valid cap12 capture lifts bs4 16k to 1.072 and improves e512/e2048 floors, rerunning before keep because deepest bs2 floor regresses versus 7a71061f
3578b9cf	bf16	0.000	0.000	0.000	0.000	0.000	1.353	1.051	1.042	1.029	1.015	1.111	discard	minimax bf16 decode cap table bs4 mid cap12 with capture padding rerun; e512/e2048 gains confirm but bs4 max-context drops the e32768 floor below the 7a71061f keep, so reverting to the stronger minimax floor
7f5ac714	bf16	0.000	0.000	0.000	0.000	0.000	1.372	1.047	1.036	1.028	1.015	1.107	candidate	minimax bf16 decode harvest rs3 05625b34 bs4 merge bdy4 selector stacked on existing 9b30da74 bs1 cap20 table; first run regresses headline and e32768 but rerunning before discard because rs3 reports this selector as fleet lead
7f5ac714	bf16	0.000	0.000	0.000	0.000	0.000	1.348	1.041	1.037	1.028	1.018	1.110	discard	minimax bf16 decode harvest rs3 05625b34 plus already-present 9b30da74; rerun confirms below 7a71061f keep and weakens e64/e512/e32768 floors on this stack, reverting
71f3d429	bf16	0.000	0.000	0.000	0.000	0.000	1.367	1.044	1.035	1.028	1.021	1.112	candidate	minimax bf16 decode bs2/bs4 persistent merge grid; first sample nudges rounded geo above 7a71061f but e64 and e8192 floors regress, rerunning before keep or revert because delta is within noise
71f3d429	bf16	0.000	0.000	0.000	0.000	0.000	1.352	1.044	1.030	1.021	1.017	1.108	discard	minimax bf16 decode bs2/bs4 persistent merge grid rerun; second sample falls below the 7a71061f keep and weakens e64/e2048/e8192/e32768 floors, reverting before the next structural probe
546ae3ef	bf16	0.000	0.000	0.000	0.000	0.000	1.361	1.045	1.028	1.029	1.013	1.108	discard	minimax bf16 decode bs2 long cap12 on 7a71061f table; rs4 cap12 signal does not transfer locally, e32768 falls to the bs2 1.013 floor with no >=0.003 floor lift to justify a confirmation rerun
fa5c24f2	bf16	0.000	0.000	0.000	0.000	0.000	1.373	1.044	1.037	1.027	1.012	1.109	discard	minimax bf16 decode bs2 cap13 widened to 16k on cap20 table; graph-safe support row is clean but e2048 lift is only +0.002 while e64/e8192/e32768 and geo trail 7a71061f, reverting
37e72954	bf16	0.000	0.000	0.000	0.000	0.000	0.000	0.000	0.000	0.000	0.000	0.000	crash	minimax bf16 decode exact rs3 9b30da74 planner thresholds plus 05625b34 bs4 bdy4; partial run printed 1.122x but graph replay blocks bs1/bs2/bs4 16k because exact rs3 leaves 16k uncapped, invalid here
659650ed	bf16	0.000	0.000	0.000	0.000	0.000	1.380	1.055	1.039	1.033	1.015	1.110	candidate	minimax bf16 decode graph-safe rs3 long stack with bs2 cap13 from 32k, bs3 cap16 from 32k, and bs4 bdy4 selector; mid-context floors lift but e32768 regresses, rerunning before keep
659650ed	bf16	0.000	0.000	0.000	0.000	0.000	1.384	1.049	1.045	1.029	1.018	1.113	keep	minimax bf16 decode graph-safe rs3 long+bdy4 stack rerun; e64/e512/e2048 floor lifts confirm and geo beats 7a71061f despite bs2 max-context tradeoff, focused decode graph guardrails passed
0320fa83	bf16	0.000	0.000	0.000	0.000	0.000	1.383	1.048	1.038	1.024	1.010	1.111	discard	minimax bf16 decode bs2 deepest-only cap15 on 659650ed; extra max-context split parallelism worsens the targeted bs2 131k tail and gives back e2048/e8192, reverting
d166ef7a	bf16	0.000	0.000	0.000	0.000	0.000	1.376	1.035	1.036	1.033	1.017	1.110	candidate	minimax bf16 decode bs1 long cap22 on 659650ed; first sample lifts e8192 by +0.004 but regresses e512/e2048 and geo, rerunning under the >=0.003 floor rule
d166ef7a	bf16	0.000	0.000	0.000	0.000	0.000	1.384	1.042	1.034	1.028	1.017	1.110	discard	minimax bf16 decode bs1 long cap22 rerun; e8192 lift does not confirm and mid-context floors stay below the 659650ed keep, reverting
6a77ef7e	bf16	0.000	0.000	0.000	0.000	0.000	1.383	1.051	1.042	1.028	1.016	1.114	candidate	minimax bf16 decode harvest rs4 2682bed4 merge async issue reorder on 659650ed; first sample nudges rounded geo above local keep but gives back e2048/e32768 floors, rerunning before keep or revert
6a77ef7e	bf16	0.000	0.000	0.000	0.000	0.000	1.395	1.052	1.043	1.029	1.017	1.112	discard	minimax bf16 decode harvest rs4 2682bed4 merge async issue reorder rerun; short and e512 floors lift but headline falls below 659650ed and deep floors remain weaker, not a clean transfer on this stack
a8620cd1	bf16	0.000	0.000	0.000	0.000	0.000	1.344	1.043	1.040	1.029	1.014	1.109	discard	minimax bf16 decode merge reorder with bs4 bdy3 instead of rs3 bdy4 selector; disabling bdy4 regresses bs4 short and max-context floors, so the bdy4/reorder interaction is not the blocker
804a6d48	bf16	0.000	0.000	0.000	0.000	0.000	1.385	1.046	1.040	1.029	1.018	1.114	discard	minimax bf16 decode bs2-only role V deferred sync restored on 659650ed long stack; bs2 short/e512 lift but e512/e2048 floors trail the confirmed keep and no >=0.003 floor gain appears, reverting
1c434e06	bf16	0.000	0.000	0.000	0.000	0.000	1.375	1.049	1.040	1.030	1.017	1.111	discard	minimax bf16 decode selective merge async issue reorder for bs1+bs3 only; clean after compile fix but e64/e2048/e32768 trail 659650ed and the rs4 reorder does not transfer as a selective stack, reverting
b5bdbf3c	bf16	0.000	0.000	0.000	0.000	0.000	1.390	1.047	1.041	1.026	1.017	1.110	discard	minimax bf16 decode producer warp role swap for role-specialized path; producer moved to physical warp0 with consumer remap, correctness clean but e512/e2048/e8192/e32768 trail 659650ed so reverting
430400cc	bf16	0.000	0.000	0.000	0.000	0.000	1.373	1.047	1.043	1.031	1.015	1.111	discard	minimax bf16 decode QK TMA plane bank-rotate with 128B aligned per-plane K padding; clean after 16B alignment fault but only e8192 moves +0.002 while e64/e512/e2048/e32768 trail 659650ed, reverting
e0e09424	bf16	0.000	0.000	0.000	0.000	0.000	1.353	1.052	1.042	1.028	1.015	1.113	candidate	minimax bf16 decode V TMA plane bank-rotate with 128B aligned per-plane V padding; e512 floor lifts +0.003 but other floors trail 659650ed, rerunning before keep or revert
e0e09424	bf16	0.000	0.000	0.000	0.000	0.000	1.373	1.051	1.045	1.031	1.018	1.111	discard	minimax bf16 decode V TMA plane bank-rotate rerun; e512 lift fades below +0.003 and headline trails 659650ed, no confirmed floor win so reverting
a963ba73	bf16	0.000	0.000	0.000	0.000	0.000	1.383	0.148	0.122	0.106	0.097	0.717	discard	minimax bf16 decode bs1 direct writeback by stripping split-kv for the exact bs1 graph geometry; skips merge and improves bs1 ctx128 but long contexts collapse from lost split parallelism, reverting
ac2351be	bf16	0.000	0.000	0.000	0.000	0.000	1.396	1.051	1.041	1.030	1.020	1.113	candidate	minimax bf16 decode merge packed v2 writeback; first sample lifts the short floor past the candidate bar and nudges max context, but e2048 regresses versus 659650ed so rerunning before keep or revert
ac2351be	bf16	0.000	0.000	0.000	0.000	0.000	1.391	1.054	1.042	1.025	1.014	1.114	keep	minimax bf16 decode merge packed v2 writeback rerun; e64 and e512 floor lifts confirm above the candidate bar and focused decode graph guardrails pass, keeping as a probe despite e2048/e8192/e32768 tradeoffs
c3f61ee2	bf16	0.000	0.000	0.000	0.000	0.000	1.377	1.039	1.045	1.030	1.017	1.110	candidate	minimax bf16 decode direct merge partial loads via v2.u32 on top of packed writeback; recovers deeper floors versus ac2351be by candidate-sized deltas but short/e512 and geo regress, rerunning before revert
c3f61ee2	bf16	0.000	0.000	0.000	0.000	0.000	1.343	1.040	1.046	1.027	1.019	1.108	discard	minimax bf16 decode direct merge partial v2 loads rerun; e2048/e32768 recovery confirms but e64/e512 collapse and geo fall well below ac2351be, reverting the load path
05013adc	bf16	0.000	0.000	0.000	0.000	0.000	1.406	1.050	1.038	1.026	1.014	1.111	candidate	minimax bf16 decode small-fanin packed writeback gate; short floor jumps above ac2351be by +0.015 but e512/e2048 and headline give back too much, rerunning before keep or revert
05013adc	bf16	0.000	0.000	0.000	0.000	0.000	1.383	1.045	1.038	1.030	1.018	1.112	discard	minimax bf16 decode small-fanin packed writeback gate rerun; short lift does not confirm and e512/e2048/headline trail ac2351be, deep recovery is not enough to replace the packed-writeback keep
24c6f801	bf16	0.000	0.000	0.000	0.000	0.000	1.409	1.048	1.041	1.022	1.018	1.113	candidate	minimax bf16 decode direct-normalized packed writeback; removes the final state_o normalization loop for BF16 stores and lifts e64/e32768 past the candidate bar, rerunning before keep or revert
24c6f801	bf16	0.000	0.000	0.000	0.000	0.000	1.352	1.041	1.039	1.029	1.016	1.109	discard	minimax bf16 decode direct-normalized packed writeback rerun; candidate e64/e32768 lifts do not hold and headline drops below the packed-writeback keep, reverting
5f7fe8e4	bf16	0.000	0.000	0.000	0.000	0.000	1.350	1.051	1.044	1.029	1.011	1.111	candidate	minimax bf16 decode merge-stage BF16 smem bank rotate; padded staged partial rows are correctness-clean after fixing cp.async strides and lift e8192 by candidate-sized delta, rerunning before keep or revert
5f7fe8e4	bf16	0.000	0.000	0.000	0.000	0.000	1.370	1.049	1.040	1.029	1.018	1.111	discard	minimax bf16 decode merge-stage BF16 smem bank rotate rerun; deep-cell recovery confirms but only by giving back packed-writeback e64/e512/e2048 gains and headline stays below ac2351be, reverting
113ff269	bf16	0.000	0.000	0.000	0.000	0.000	1.370	1.041	1.036	1.022	1.014	1.108	discard	minimax bf16 decode merge LSE warp broadcast; lane0 LSE load plus warp shuffle is correctness-clean after DSL fix but all floors/headline trail ac2351be with no candidate-sized lift, reverting
260af065	bf16	0.000	0.000	0.000	0.000	0.000	1.344	1.048	1.046	1.033	1.014	1.108	candidate	minimax bf16 decode rs4 2682bed4 merge async issue reorder stacked on packed-writeback base; e2048/e8192 floors lift by candidate-sized deltas but e64/e512 and headline regress, rerunning before keep or revert
260af065	bf16	0.000	0.000	0.000	0.000	0.000	1.348	1.042	1.042	1.027	1.015	1.110	discard	minimax bf16 decode rs4 merge async issue reorder on packed-writeback rerun; e2048 lift vanishes and e8192 is below the candidate bar while e64/e512/headline trail ac2351be, reverting
